studentsStreamId,groupNumber,facultyNumber
Statistics (year: 1),1,40001
Statistics (year: 1),1,40002
Statistics (year: 1),1,40003
Statistics (year: 1),1,40004
Statistics (year: 1),1,40005
Statistics (year: 1),1,40006
Statistics (year: 1),1,40007
Statistics (year: 1),1,40008
Statistics (year: 1),1,40009
Statistics (year: 1),1,40010
Statistics (year: 1),1,40011
Statistics (year: 1),1,40012
Statistics (year: 1),1,40013
Statistics (year: 1),1,40014
Statistics (year: 1),1,40015
Statistics (year: 1),1,40016
Statistics (year: 1),1,40017
Statistics (year: 1),1,40018
Statistics (year: 1),1,40019
Statistics (year: 1),1,40020
Mathematics and Informatics (year: 2),1,40021
Mathematics and Informatics (year: 2),1,40022
Mathematics and Informatics (year: 2),1,40023
Mathematics and Informatics (year: 2),1,40024
Mathematics and Informatics (year: 2),1,40025
Mathematics and Informatics (year: 2),1,40026
Mathematics and Informatics (year: 2),1,40027
Mathematics and Informatics (year: 2),1,40028
Mathematics and Informatics (year: 2),1,40029
Mathematics and Informatics (year: 2),1,40030
Mathematics and Informatics (year: 2),1,40031
Mathematics and Informatics (year: 2),1,40032
Mathematics and Informatics (year: 2),1,40033
Mathematics and Informatics (year: 2),1,40034
Mathematics and Informatics (year: 2),1,40035
Mathematics and Informatics (year: 2),1,40036
Mathematics and Informatics (year: 2),1,40037
Mathematics and Informatics (year: 2),1,40038
Mathematics and Informatics (year: 2),1,40039
Mathematics and Informatics (year: 2),1,40040
Mathematics and Informatics (year: 2),2,40041
Mathematics and Informatics (year: 2),2,40042
Mathematics and Informatics (year: 2),2,40043
Mathematics and Informatics (year: 2),2,40044
Mathematics and Informatics (year: 2),2,40045
Mathematics and Informatics (year: 2),2,40046
Mathematics and Informatics (year: 2),2,40047
Mathematics and Informatics (year: 2),2,40048
Mathematics and Informatics (year: 2),2,40049
Mathematics and Informatics (year: 2),2,40050
Mathematics and Informatics (year: 2),2,40051
Mathematics and Informatics (year: 2),2,40052
Mathematics and Informatics (year: 2),2,40053
Mathematics and Informatics (year: 2),2,40054
Mathematics and Informatics (year: 2),2,40055
Mathematics and Informatics (year: 2),2,40056
Mathematics and Informatics (year: 2),2,40057
Mathematics and Informatics (year: 2),2,40058
Mathematics and Informatics (year: 2),2,40059
Mathematics and Informatics (year: 2),2,40060
Mathematics and Informatics (year: 2),3,40061
Mathematics and Informatics (year: 2),3,40062
Mathematics and Informatics (year: 2),3,40063
Mathematics and Informatics (year: 2),3,40064
Mathematics and Informatics (year: 2),3,40065
Mathematics and Informatics (year: 2),3,40066
Mathematics and Informatics (year: 2),3,40067
Mathematics and Informatics (year: 2),3,40068
Mathematics and Informatics (year: 2),3,40069
Mathematics and Informatics (year: 2),3,40070
Mathematics and Informatics (year: 2),3,40071
Mathematics and Informatics (year: 2),3,40072
Mathematics and Informatics (year: 2),3,40073
Mathematics and Informatics (year: 2),3,40074
Mathematics and Informatics (year: 2),3,40075
Mathematics and Informatics (year: 2),3,40076
Mathematics and Informatics (year: 2),3,40077
Mathematics and Informatics (year: 2),3,40078
Mathematics and Informatics (year: 2),3,40079
Mathematics and Informatics (year: 2),3,40080
Mathematics and Informatics (year: 2),4,40081
Mathematics and Informatics (year: 2),4,40082
Mathematics and Informatics (year: 2),4,40083
Mathematics and Informatics (year: 2),4,40084
Mathematics and Informatics (year: 2),4,40085
Mathematics and Informatics (year: 2),4,40086
Mathematics and Informatics (year: 2),4,40087
Mathematics and Informatics (year: 2),4,40088
Mathematics and Informatics (year: 2),4,40089
Mathematics and Informatics (year: 2),4,40090
Mathematics and Informatics (year: 2),4,40091
Mathematics and Informatics (year: 2),4,40092
Mathematics and Informatics (year: 2),4,40093
Mathematics and Informatics (year: 2),4,40094
Mathematics and Informatics (year: 2),4,40095
Mathematics and Informatics (year: 2),4,40096
Mathematics and Informatics (year: 2),4,40097
Mathematics and Informatics (year: 2),4,40098
Mathematics and Informatics (year: 2),4,40099
Mathematics and Informatics (year: 2),4,40100
Software Engineering (year: 3),1,40101
Software Engineering (year: 3),1,40102
Software Engineering (year: 3),1,40103
Software Engineering (year: 3),1,40104
Software Engineering (year: 3),1,40105
Software Engineering (year: 3),1,40106
Software Engineering (year: 3),1,40107
Software Engineering (year: 3),1,40108
Software Engineering (year: 3),1,40109
Software Engineering (year: 3),1,40110
Software Engineering (year: 3),1,40111
Software Engineering (year: 3),1,40112
Software Engineering (year: 3),1,40113
Software Engineering (year: 3),1,40114
Software Engineering (year: 3),1,40115
Software Engineering (year: 3),1,40116
Software Engineering (year: 3),1,40117
Software Engineering (year: 3),1,40118
Software Engineering (year: 3),1,40119
Software Engineering (year: 3),1,40120
Software Engineering (year: 3),2,40121
Software Engineering (year: 3),2,40122
Software Engineering (year: 3),2,40123
Software Engineering (year: 3),2,40124
Software Engineering (year: 3),2,40125
Software Engineering (year: 3),2,40126
Software Engineering (year: 3),2,40127
Software Engineering (year: 3),2,40128
Software Engineering (year: 3),2,40129
Software Engineering (year: 3),2,40130
Software Engineering (year: 3),2,40131
Software Engineering (year: 3),2,40132
Software Engineering (year: 3),2,40133
Software Engineering (year: 3),2,40134
Software Engineering (year: 3),2,40135
Software Engineering (year: 3),2,40136
Software Engineering (year: 3),2,40137
Software Engineering (year: 3),2,40138
Software Engineering (year: 3),2,40139
Software Engineering (year: 3),2,40140
Software Engineering (year: 3),3,40141
Software Engineering (year: 3),3,40142
Software Engineering (year: 3),3,40143
Software Engineering (year: 3),3,40144
Software Engineering (year: 3),3,40145
Software Engineering (year: 3),3,40146
Software Engineering (year: 3),3,40147
Software Engineering (year: 3),3,40148
Software Engineering (year: 3),3,40149
Software Engineering (year: 3),3,40150
Software Engineering (year: 3),3,40151
Software Engineering (year: 3),3,40152
Software Engineering (year: 3),3,40153
Software Engineering (year: 3),3,40154
Software Engineering (year: 3),3,40155
Software Engineering (year: 3),3,40156
Software Engineering (year: 3),3,40157
Software Engineering (year: 3),3,40158
Software Engineering (year: 3),3,40159
Software Engineering (year: 3),3,40160
Software Engineering (year: 3),4,40161
Software Engineering (year: 3),4,40162
Software Engineering (year: 3),4,40163
Software Engineering (year: 3),4,40164
Software Engineering (year: 3),4,40165
Software Engineering (year: 3),4,40166
Software Engineering (year: 3),4,40167
Software Engineering (year: 3),4,40168
Software Engineering (year: 3),4,40169
Software Engineering (year: 3),4,40170
Software Engineering (year: 3),4,40171
Software Engineering (year: 3),4,40172
Software Engineering (year: 3),4,40173
Software Engineering (year: 3),4,40174
Software Engineering (year: 3),4,40175
Software Engineering (year: 3),4,40176
Software Engineering (year: 3),4,40177
Software Engineering (year: 3),4,40178
Software Engineering (year: 3),4,40179
Software Engineering (year: 3),4,40180
Software Engineering (year: 3),5,40181
Software Engineering (year: 3),5,40182
Software Engineering (year: 3),5,40183
Software Engineering (year: 3),5,40184
Software Engineering (year: 3),5,40185
Software Engineering (year: 3),5,40186
Software Engineering (year: 3),5,40187
Software Engineering (year: 3),5,40188
Software Engineering (year: 3),5,40189
Software Engineering (year: 3),5,40190
Software Engineering (year: 3),5,40191
Software Engineering (year: 3),5,40192
Software Engineering (year: 3),5,40193
Software Engineering (year: 3),5,40194
Software Engineering (year: 3),5,40195
Software Engineering (year: 3),5,40196
Software Engineering (year: 3),5,40197
Software Engineering (year: 3),5,40198
Software Engineering (year: 3),5,40199
Software Engineering (year: 3),5,40200
Statistics (year: 3),1,40201
Statistics (year: 3),1,40202
Statistics (year: 3),1,40203
Statistics (year: 3),1,40204
Statistics (year: 3),1,40205
Statistics (year: 3),1,40206
Statistics (year: 3),1,40207
Statistics (year: 3),1,40208
Statistics (year: 3),1,40209
Statistics (year: 3),1,40210
Statistics (year: 3),1,40211
Statistics (year: 3),1,40212
Statistics (year: 3),1,40213
Statistics (year: 3),1,40214
Statistics (year: 3),1,40215
Statistics (year: 3),1,40216
Statistics (year: 3),1,40217
Statistics (year: 3),1,40218
Statistics (year: 3),1,40219
Statistics (year: 3),1,40220
Software Engineering (year: 1),1,40221
Software Engineering (year: 1),1,40222
Software Engineering (year: 1),1,40223
Software Engineering (year: 1),1,40224
Software Engineering (year: 1),1,40225
Software Engineering (year: 1),1,40226
Software Engineering (year: 1),1,40227
Software Engineering (year: 1),1,40228
Software Engineering (year: 1),1,40229
Software Engineering (year: 1),1,40230
Software Engineering (year: 1),1,40231
Software Engineering (year: 1),1,40232
Software Engineering (year: 1),1,40233
Software Engineering (year: 1),1,40234
Software Engineering (year: 1),1,40235
Software Engineering (year: 1),1,40236
Software Engineering (year: 1),1,40237
Software Engineering (year: 1),1,40238
Software Engineering (year: 1),1,40239
Software Engineering (year: 1),1,40240
Software Engineering (year: 1),2,40241
Software Engineering (year: 1),2,40242
Software Engineering (year: 1),2,40243
Software Engineering (year: 1),2,40244
Software Engineering (year: 1),2,40245
Software Engineering (year: 1),2,40246
Software Engineering (year: 1),2,40247
Software Engineering (year: 1),2,40248
Software Engineering (year: 1),2,40249
Software Engineering (year: 1),2,40250
Software Engineering (year: 1),2,40251
Software Engineering (year: 1),2,40252
Software Engineering (year: 1),2,40253
Software Engineering (year: 1),2,40254
Software Engineering (year: 1),2,40255
Software Engineering (year: 1),2,40256
Software Engineering (year: 1),2,40257
Software Engineering (year: 1),2,40258
Software Engineering (year: 1),2,40259
Software Engineering (year: 1),2,40260
Software Engineering (year: 1),3,40261
Software Engineering (year: 1),3,40262
Software Engineering (year: 1),3,40263
Software Engineering (year: 1),3,40264
Software Engineering (year: 1),3,40265
Software Engineering (year: 1),3,40266
Software Engineering (year: 1),3,40267
Software Engineering (year: 1),3,40268
Software Engineering (year: 1),3,40269
Software Engineering (year: 1),3,40270
Software Engineering (year: 1),3,40271
Software Engineering (year: 1),3,40272
Software Engineering (year: 1),3,40273
Software Engineering (year: 1),3,40274
Software Engineering (year: 1),3,40275
Software Engineering (year: 1),3,40276
Software Engineering (year: 1),3,40277
Software Engineering (year: 1),3,40278
Software Engineering (year: 1),3,40279
Software Engineering (year: 1),3,40280
Software Engineering (year: 1),4,40281
Software Engineering (year: 1),4,40282
Software Engineering (year: 1),4,40283
Software Engineering (year: 1),4,40284
Software Engineering (year: 1),4,40285
Software Engineering (year: 1),4,40286
Software Engineering (year: 1),4,40287
Software Engineering (year: 1),4,40288
Software Engineering (year: 1),4,40289
Software Engineering (year: 1),4,40290
Software Engineering (year: 1),4,40291
Software Engineering (year: 1),4,40292
Software Engineering (year: 1),4,40293
Software Engineering (year: 1),4,40294
Software Engineering (year: 1),4,40295
Software Engineering (year: 1),4,40296
Software Engineering (year: 1),4,40297
Software Engineering (year: 1),4,40298
Software Engineering (year: 1),4,40299
Software Engineering (year: 1),4,40300
Software Engineering (year: 1),5,40301
Software Engineering (year: 1),5,40302
Software Engineering (year: 1),5,40303
Software Engineering (year: 1),5,40304
Software Engineering (year: 1),5,40305
Software Engineering (year: 1),5,40306
Software Engineering (year: 1),5,40307
Software Engineering (year: 1),5,40308
Software Engineering (year: 1),5,40309
Software Engineering (year: 1),5,40310
Software Engineering (year: 1),5,40311
Software Engineering (year: 1),5,40312
Software Engineering (year: 1),5,40313
Software Engineering (year: 1),5,40314
Software Engineering (year: 1),5,40315
Software Engineering (year: 1),5,40316
Software Engineering (year: 1),5,40317
Software Engineering (year: 1),5,40318
Software Engineering (year: 1),5,40319
Software Engineering (year: 1),5,40320
Software Engineering (year: 1),6,40321
Software Engineering (year: 1),6,40322
Software Engineering (year: 1),6,40323
Software Engineering (year: 1),6,40324
Software Engineering (year: 1),6,40325
Software Engineering (year: 1),6,40326
Software Engineering (year: 1),6,40327
Software Engineering (year: 1),6,40328
Software Engineering (year: 1),6,40329
Software Engineering (year: 1),6,40330
Software Engineering (year: 1),6,40331
Software Engineering (year: 1),6,40332
Software Engineering (year: 1),6,40333
Software Engineering (year: 1),6,40334
Software Engineering (year: 1),6,40335
Software Engineering (year: 1),6,40336
Software Engineering (year: 1),6,40337
Software Engineering (year: 1),6,40338
Software Engineering (year: 1),6,40339
Software Engineering (year: 1),6,40340
Informatics (year: 1),1,40341
Informatics (year: 1),1,40342
Informatics (year: 1),1,40343
Informatics (year: 1),1,40344
Informatics (year: 1),1,40345
Informatics (year: 1),1,40346
Informatics (year: 1),1,40347
Informatics (year: 1),1,40348
Informatics (year: 1),1,40349
Informatics (year: 1),1,40350
Informatics (year: 1),1,40351
Informatics (year: 1),1,40352
Informatics (year: 1),1,40353
Informatics (year: 1),1,40354
Informatics (year: 1),1,40355
Informatics (year: 1),1,40356
Informatics (year: 1),1,40357
Informatics (year: 1),1,40358
Informatics (year: 1),1,40359
Informatics (year: 1),1,40360
Informatics (year: 1),2,40361
Informatics (year: 1),2,40362
Informatics (year: 1),2,40363
Informatics (year: 1),2,40364
Informatics (year: 1),2,40365
Informatics (year: 1),2,40366
Informatics (year: 1),2,40367
Informatics (year: 1),2,40368
Informatics (year: 1),2,40369
Informatics (year: 1),2,40370
Informatics (year: 1),2,40371
Informatics (year: 1),2,40372
Informatics (year: 1),2,40373
Informatics (year: 1),2,40374
Informatics (year: 1),2,40375
Informatics (year: 1),2,40376
Informatics (year: 1),2,40377
Informatics (year: 1),2,40378
Informatics (year: 1),2,40379
Informatics (year: 1),2,40380
Informatics (year: 1),3,40381
Informatics (year: 1),3,40382
Informatics (year: 1),3,40383
Informatics (year: 1),3,40384
Informatics (year: 1),3,40385
Informatics (year: 1),3,40386
Informatics (year: 1),3,40387
Informatics (year: 1),3,40388
Informatics (year: 1),3,40389
Informatics (year: 1),3,40390
Informatics (year: 1),3,40391
Informatics (year: 1),3,40392
Informatics (year: 1),3,40393
Informatics (year: 1),3,40394
Informatics (year: 1),3,40395
Informatics (year: 1),3,40396
Informatics (year: 1),3,40397
Informatics (year: 1),3,40398
Informatics (year: 1),3,40399
Informatics (year: 1),3,40400
Informatics (year: 1),4,40401
Informatics (year: 1),4,40402
Informatics (year: 1),4,40403
Informatics (year: 1),4,40404
Informatics (year: 1),4,40405
Informatics (year: 1),4,40406
Informatics (year: 1),4,40407
Informatics (year: 1),4,40408
Informatics (year: 1),4,40409
Informatics (year: 1),4,40410
Informatics (year: 1),4,40411
Informatics (year: 1),4,40412
Informatics (year: 1),4,40413
Informatics (year: 1),4,40414
Informatics (year: 1),4,40415
Informatics (year: 1),4,40416
Informatics (year: 1),4,40417
Informatics (year: 1),4,40418
Informatics (year: 1),4,40419
Informatics (year: 1),4,40420
Informatics (year: 1),5,40421
Informatics (year: 1),5,40422
Informatics (year: 1),5,40423
Informatics (year: 1),5,40424
Informatics (year: 1),5,40425
Informatics (year: 1),5,40426
Informatics (year: 1),5,40427
Informatics (year: 1),5,40428
Informatics (year: 1),5,40429
Informatics (year: 1),5,40430
Informatics (year: 1),5,40431
Informatics (year: 1),5,40432
Informatics (year: 1),5,40433
Informatics (year: 1),5,40434
Informatics (year: 1),5,40435
Informatics (year: 1),5,40436
Informatics (year: 1),5,40437
Informatics (year: 1),5,40438
Informatics (year: 1),5,40439
Informatics (year: 1),5,40440
Informatics (year: 1),6,40441
Informatics (year: 1),6,40442
Informatics (year: 1),6,40443
Informatics (year: 1),6,40444
Informatics (year: 1),6,40445
Informatics (year: 1),6,40446
Informatics (year: 1),6,40447
Informatics (year: 1),6,40448
Informatics (year: 1),6,40449
Informatics (year: 1),6,40450
Informatics (year: 1),6,40451
Informatics (year: 1),6,40452
Informatics (year: 1),6,40453
Informatics (year: 1),6,40454
Informatics (year: 1),6,40455
Informatics (year: 1),6,40456
Informatics (year: 1),6,40457
Informatics (year: 1),6,40458
Informatics (year: 1),6,40459
Informatics (year: 1),6,40460
Mathematics and Informatics (year: 4),1,40461
Mathematics and Informatics (year: 4),1,40462
Mathematics and Informatics (year: 4),1,40463
Mathematics and Informatics (year: 4),1,40464
Mathematics and Informatics (year: 4),1,40465
Mathematics and Informatics (year: 4),1,40466
Mathematics and Informatics (year: 4),1,40467
Mathematics and Informatics (year: 4),1,40468
Mathematics and Informatics (year: 4),1,40469
Mathematics and Informatics (year: 4),1,40470
Mathematics and Informatics (year: 4),1,40471
Mathematics and Informatics (year: 4),1,40472
Mathematics and Informatics (year: 4),1,40473
Mathematics and Informatics (year: 4),1,40474
Mathematics and Informatics (year: 4),1,40475
Mathematics and Informatics (year: 4),1,40476
Mathematics and Informatics (year: 4),1,40477
Mathematics and Informatics (year: 4),1,40478
Mathematics and Informatics (year: 4),1,40479
Mathematics and Informatics (year: 4),1,40480
Mathematics and Informatics (year: 4),2,40481
Mathematics and Informatics (year: 4),2,40482
Mathematics and Informatics (year: 4),2,40483
Mathematics and Informatics (year: 4),2,40484
Mathematics and Informatics (year: 4),2,40485
Mathematics and Informatics (year: 4),2,40486
Mathematics and Informatics (year: 4),2,40487
Mathematics and Informatics (year: 4),2,40488
Mathematics and Informatics (year: 4),2,40489
Mathematics and Informatics (year: 4),2,40490
Mathematics and Informatics (year: 4),2,40491
Mathematics and Informatics (year: 4),2,40492
Mathematics and Informatics (year: 4),2,40493
Mathematics and Informatics (year: 4),2,40494
Mathematics and Informatics (year: 4),2,40495
Mathematics and Informatics (year: 4),2,40496
Mathematics and Informatics (year: 4),2,40497
Mathematics and Informatics (year: 4),2,40498
Mathematics and Informatics (year: 4),2,40499
Mathematics and Informatics (year: 4),2,40500
Mathematics and Informatics (year: 4),3,40501
Mathematics and Informatics (year: 4),3,40502
Mathematics and Informatics (year: 4),3,40503
Mathematics and Informatics (year: 4),3,40504
Mathematics and Informatics (year: 4),3,40505
Mathematics and Informatics (year: 4),3,40506
Mathematics and Informatics (year: 4),3,40507
Mathematics and Informatics (year: 4),3,40508
Mathematics and Informatics (year: 4),3,40509
Mathematics and Informatics (year: 4),3,40510
Mathematics and Informatics (year: 4),3,40511
Mathematics and Informatics (year: 4),3,40512
Mathematics and Informatics (year: 4),3,40513
Mathematics and Informatics (year: 4),3,40514
Mathematics and Informatics (year: 4),3,40515
Mathematics and Informatics (year: 4),3,40516
Mathematics and Informatics (year: 4),3,40517
Mathematics and Informatics (year: 4),3,40518
Mathematics and Informatics (year: 4),3,40519
Mathematics and Informatics (year: 4),3,40520
Mathematics and Informatics (year: 4),4,40521
Mathematics and Informatics (year: 4),4,40522
Mathematics and Informatics (year: 4),4,40523
Mathematics and Informatics (year: 4),4,40524
Mathematics and Informatics (year: 4),4,40525
Mathematics and Informatics (year: 4),4,40526
Mathematics and Informatics (year: 4),4,40527
Mathematics and Informatics (year: 4),4,40528
Mathematics and Informatics (year: 4),4,40529
Mathematics and Informatics (year: 4),4,40530
Mathematics and Informatics (year: 4),4,40531
Mathematics and Informatics (year: 4),4,40532
Mathematics and Informatics (year: 4),4,40533
Mathematics and Informatics (year: 4),4,40534
Mathematics and Informatics (year: 4),4,40535
Mathematics and Informatics (year: 4),4,40536
Mathematics and Informatics (year: 4),4,40537
Mathematics and Informatics (year: 4),4,40538
Mathematics and Informatics (year: 4),4,40539
Mathematics and Informatics (year: 4),4,40540
Information Systems (year: 3),1,40541
Information Systems (year: 3),1,40542
Information Systems (year: 3),1,40543
Information Systems (year: 3),1,40544
Information Systems (year: 3),1,40545
Information Systems (year: 3),1,40546
Information Systems (year: 3),1,40547
Information Systems (year: 3),1,40548
Information Systems (year: 3),1,40549
Information Systems (year: 3),1,40550
Information Systems (year: 3),1,40551
Information Systems (year: 3),1,40552
Information Systems (year: 3),1,40553
Information Systems (year: 3),1,40554
Information Systems (year: 3),1,40555
Information Systems (year: 3),1,40556
Information Systems (year: 3),1,40557
Information Systems (year: 3),1,40558
Information Systems (year: 3),1,40559
Information Systems (year: 3),1,40560
Information Systems (year: 3),2,40561
Information Systems (year: 3),2,40562
Information Systems (year: 3),2,40563
Information Systems (year: 3),2,40564
Information Systems (year: 3),2,40565
Information Systems (year: 3),2,40566
Information Systems (year: 3),2,40567
Information Systems (year: 3),2,40568
Information Systems (year: 3),2,40569
Information Systems (year: 3),2,40570
Information Systems (year: 3),2,40571
Information Systems (year: 3),2,40572
Information Systems (year: 3),2,40573
Information Systems (year: 3),2,40574
Information Systems (year: 3),2,40575
Information Systems (year: 3),2,40576
Information Systems (year: 3),2,40577
Information Systems (year: 3),2,40578
Information Systems (year: 3),2,40579
Information Systems (year: 3),2,40580
Information Systems (year: 3),3,40581
Information Systems (year: 3),3,40582
Information Systems (year: 3),3,40583
Information Systems (year: 3),3,40584
Information Systems (year: 3),3,40585
Information Systems (year: 3),3,40586
Information Systems (year: 3),3,40587
Information Systems (year: 3),3,40588
Information Systems (year: 3),3,40589
Information Systems (year: 3),3,40590
Information Systems (year: 3),3,40591
Information Systems (year: 3),3,40592
Information Systems (year: 3),3,40593
Information Systems (year: 3),3,40594
Information Systems (year: 3),3,40595
Information Systems (year: 3),3,40596
Information Systems (year: 3),3,40597
Information Systems (year: 3),3,40598
Information Systems (year: 3),3,40599
Information Systems (year: 3),3,40600
Information Systems (year: 1),1,40601
Information Systems (year: 1),1,40602
Information Systems (year: 1),1,40603
Information Systems (year: 1),1,40604
Information Systems (year: 1),1,40605
Information Systems (year: 1),1,40606
Information Systems (year: 1),1,40607
Information Systems (year: 1),1,40608
Information Systems (year: 1),1,40609
Information Systems (year: 1),1,40610
Information Systems (year: 1),1,40611
Information Systems (year: 1),1,40612
Information Systems (year: 1),1,40613
Information Systems (year: 1),1,40614
Information Systems (year: 1),1,40615
Information Systems (year: 1),1,40616
Information Systems (year: 1),1,40617
Information Systems (year: 1),1,40618
Information Systems (year: 1),1,40619
Information Systems (year: 1),1,40620
Information Systems (year: 1),2,40621
Information Systems (year: 1),2,40622
Information Systems (year: 1),2,40623
Information Systems (year: 1),2,40624
Information Systems (year: 1),2,40625
Information Systems (year: 1),2,40626
Information Systems (year: 1),2,40627
Information Systems (year: 1),2,40628
Information Systems (year: 1),2,40629
Information Systems (year: 1),2,40630
Information Systems (year: 1),2,40631
Information Systems (year: 1),2,40632
Information Systems (year: 1),2,40633
Information Systems (year: 1),2,40634
Information Systems (year: 1),2,40635
Information Systems (year: 1),2,40636
Information Systems (year: 1),2,40637
Information Systems (year: 1),2,40638
Information Systems (year: 1),2,40639
Information Systems (year: 1),2,40640
Information Systems (year: 1),3,40641
Information Systems (year: 1),3,40642
Information Systems (year: 1),3,40643
Information Systems (year: 1),3,40644
Information Systems (year: 1),3,40645
Information Systems (year: 1),3,40646
Information Systems (year: 1),3,40647
Information Systems (year: 1),3,40648
Information Systems (year: 1),3,40649
Information Systems (year: 1),3,40650
Information Systems (year: 1),3,40651
Information Systems (year: 1),3,40652
Information Systems (year: 1),3,40653
Information Systems (year: 1),3,40654
Information Systems (year: 1),3,40655
Information Systems (year: 1),3,40656
Information Systems (year: 1),3,40657
Information Systems (year: 1),3,40658
Information Systems (year: 1),3,40659
Information Systems (year: 1),3,40660
Information Systems (year: 1),4,40661
Information Systems (year: 1),4,40662
Information Systems (year: 1),4,40663
Information Systems (year: 1),4,40664
Information Systems (year: 1),4,40665
Information Systems (year: 1),4,40666
Information Systems (year: 1),4,40667
Information Systems (year: 1),4,40668
Information Systems (year: 1),4,40669
Information Systems (year: 1),4,40670
Information Systems (year: 1),4,40671
Information Systems (year: 1),4,40672
Information Systems (year: 1),4,40673
Information Systems (year: 1),4,40674
Information Systems (year: 1),4,40675
Information Systems (year: 1),4,40676
Information Systems (year: 1),4,40677
Information Systems (year: 1),4,40678
Information Systems (year: 1),4,40679
Information Systems (year: 1),4,40680
Computer Science (1) (year: 2),1,40681
Computer Science (1) (year: 2),1,40682
Computer Science (1) (year: 2),1,40683
Computer Science (1) (year: 2),1,40684
Computer Science (1) (year: 2),1,40685
Computer Science (1) (year: 2),1,40686
Computer Science (1) (year: 2),1,40687
Computer Science (1) (year: 2),1,40688
Computer Science (1) (year: 2),1,40689
Computer Science (1) (year: 2),1,40690
Computer Science (1) (year: 2),1,40691
Computer Science (1) (year: 2),1,40692
Computer Science (1) (year: 2),1,40693
Computer Science (1) (year: 2),1,40694
Computer Science (1) (year: 2),1,40695
Computer Science (1) (year: 2),1,40696
Computer Science (1) (year: 2),1,40697
Computer Science (1) (year: 2),1,40698
Computer Science (1) (year: 2),1,40699
Computer Science (1) (year: 2),1,40700
Computer Science (1) (year: 2),2,40701
Computer Science (1) (year: 2),2,40702
Computer Science (1) (year: 2),2,40703
Computer Science (1) (year: 2),2,40704
Computer Science (1) (year: 2),2,40705
Computer Science (1) (year: 2),2,40706
Computer Science (1) (year: 2),2,40707
Computer Science (1) (year: 2),2,40708
Computer Science (1) (year: 2),2,40709
Computer Science (1) (year: 2),2,40710
Computer Science (1) (year: 2),2,40711
Computer Science (1) (year: 2),2,40712
Computer Science (1) (year: 2),2,40713
Computer Science (1) (year: 2),2,40714
Computer Science (1) (year: 2),2,40715
Computer Science (1) (year: 2),2,40716
Computer Science (1) (year: 2),2,40717
Computer Science (1) (year: 2),2,40718
Computer Science (1) (year: 2),2,40719
Computer Science (1) (year: 2),2,40720
Computer Science (1) (year: 2),3,40721
Computer Science (1) (year: 2),3,40722
Computer Science (1) (year: 2),3,40723
Computer Science (1) (year: 2),3,40724
Computer Science (1) (year: 2),3,40725
Computer Science (1) (year: 2),3,40726
Computer Science (1) (year: 2),3,40727
Computer Science (1) (year: 2),3,40728
Computer Science (1) (year: 2),3,40729
Computer Science (1) (year: 2),3,40730
Computer Science (1) (year: 2),3,40731
Computer Science (1) (year: 2),3,40732
Computer Science (1) (year: 2),3,40733
Computer Science (1) (year: 2),3,40734
Computer Science (1) (year: 2),3,40735
Computer Science (1) (year: 2),3,40736
Computer Science (1) (year: 2),3,40737
Computer Science (1) (year: 2),3,40738
Computer Science (1) (year: 2),3,40739
Computer Science (1) (year: 2),3,40740
Computer Science (1) (year: 2),4,40741
Computer Science (1) (year: 2),4,40742
Computer Science (1) (year: 2),4,40743
Computer Science (1) (year: 2),4,40744
Computer Science (1) (year: 2),4,40745
Computer Science (1) (year: 2),4,40746
Computer Science (1) (year: 2),4,40747
Computer Science (1) (year: 2),4,40748
Computer Science (1) (year: 2),4,40749
Computer Science (1) (year: 2),4,40750
Computer Science (1) (year: 2),4,40751
Computer Science (1) (year: 2),4,40752
Computer Science (1) (year: 2),4,40753
Computer Science (1) (year: 2),4,40754
Computer Science (1) (year: 2),4,40755
Computer Science (1) (year: 2),4,40756
Computer Science (1) (year: 2),4,40757
Computer Science (1) (year: 2),4,40758
Computer Science (1) (year: 2),4,40759
Computer Science (1) (year: 2),4,40760
Computer Science (2) (year: 2),1,40761
Computer Science (2) (year: 2),1,40762
Computer Science (2) (year: 2),1,40763
Computer Science (2) (year: 2),1,40764
Computer Science (2) (year: 2),1,40765
Computer Science (2) (year: 2),1,40766
Computer Science (2) (year: 2),1,40767
Computer Science (2) (year: 2),1,40768
Computer Science (2) (year: 2),1,40769
Computer Science (2) (year: 2),1,40770
Computer Science (2) (year: 2),1,40771
Computer Science (2) (year: 2),1,40772
Computer Science (2) (year: 2),1,40773
Computer Science (2) (year: 2),1,40774
Computer Science (2) (year: 2),1,40775
Computer Science (2) (year: 2),1,40776
Computer Science (2) (year: 2),1,40777
Computer Science (2) (year: 2),1,40778
Computer Science (2) (year: 2),1,40779
Computer Science (2) (year: 2),1,40780
Computer Science (2) (year: 2),2,40781
Computer Science (2) (year: 2),2,40782
Computer Science (2) (year: 2),2,40783
Computer Science (2) (year: 2),2,40784
Computer Science (2) (year: 2),2,40785
Computer Science (2) (year: 2),2,40786
Computer Science (2) (year: 2),2,40787
Computer Science (2) (year: 2),2,40788
Computer Science (2) (year: 2),2,40789
Computer Science (2) (year: 2),2,40790
Computer Science (2) (year: 2),2,40791
Computer Science (2) (year: 2),2,40792
Computer Science (2) (year: 2),2,40793
Computer Science (2) (year: 2),2,40794
Computer Science (2) (year: 2),2,40795
Computer Science (2) (year: 2),2,40796
Computer Science (2) (year: 2),2,40797
Computer Science (2) (year: 2),2,40798
Computer Science (2) (year: 2),2,40799
Computer Science (2) (year: 2),2,40800
Computer Science (2) (year: 2),3,40801
Computer Science (2) (year: 2),3,40802
Computer Science (2) (year: 2),3,40803
Computer Science (2) (year: 2),3,40804
Computer Science (2) (year: 2),3,40805
Computer Science (2) (year: 2),3,40806
Computer Science (2) (year: 2),3,40807
Computer Science (2) (year: 2),3,40808
Computer Science (2) (year: 2),3,40809
Computer Science (2) (year: 2),3,40810
Computer Science (2) (year: 2),3,40811
Computer Science (2) (year: 2),3,40812
Computer Science (2) (year: 2),3,40813
Computer Science (2) (year: 2),3,40814
Computer Science (2) (year: 2),3,40815
Computer Science (2) (year: 2),3,40816
Computer Science (2) (year: 2),3,40817
Computer Science (2) (year: 2),3,40818
Computer Science (2) (year: 2),3,40819
Computer Science (2) (year: 2),3,40820
Computer Science (2) (year: 2),4,40821
Computer Science (2) (year: 2),4,40822
Computer Science (2) (year: 2),4,40823
Computer Science (2) (year: 2),4,40824
Computer Science (2) (year: 2),4,40825
Computer Science (2) (year: 2),4,40826
Computer Science (2) (year: 2),4,40827
Computer Science (2) (year: 2),4,40828
Computer Science (2) (year: 2),4,40829
Computer Science (2) (year: 2),4,40830
Computer Science (2) (year: 2),4,40831
Computer Science (2) (year: 2),4,40832
Computer Science (2) (year: 2),4,40833
Computer Science (2) (year: 2),4,40834
Computer Science (2) (year: 2),4,40835
Computer Science (2) (year: 2),4,40836
Computer Science (2) (year: 2),4,40837
Computer Science (2) (year: 2),4,40838
Computer Science (2) (year: 2),4,40839
Computer Science (2) (year: 2),4,40840
Mathematics (year: 4),1,40841
Mathematics (year: 4),1,40842
Mathematics (year: 4),1,40843
Mathematics (year: 4),1,40844
Mathematics (year: 4),1,40845
Mathematics (year: 4),1,40846
Mathematics (year: 4),1,40847
Mathematics (year: 4),1,40848
Mathematics (year: 4),1,40849
Mathematics (year: 4),1,40850
Mathematics (year: 4),1,40851
Mathematics (year: 4),1,40852
Mathematics (year: 4),1,40853
Mathematics (year: 4),1,40854
Mathematics (year: 4),1,40855
Mathematics (year: 4),1,40856
Mathematics (year: 4),1,40857
Mathematics (year: 4),1,40858
Mathematics (year: 4),1,40859
Mathematics (year: 4),1,40860
Informatics (year: 2),1,40861
Informatics (year: 2),1,40862
Informatics (year: 2),1,40863
Informatics (year: 2),1,40864
Informatics (year: 2),1,40865
Informatics (year: 2),1,40866
Informatics (year: 2),1,40867
Informatics (year: 2),1,40868
Informatics (year: 2),1,40869
Informatics (year: 2),1,40870
Informatics (year: 2),1,40871
Informatics (year: 2),1,40872
Informatics (year: 2),1,40873
Informatics (year: 2),1,40874
Informatics (year: 2),1,40875
Informatics (year: 2),1,40876
Informatics (year: 2),1,40877
Informatics (year: 2),1,40878
Informatics (year: 2),1,40879
Informatics (year: 2),1,40880
Informatics (year: 2),2,40881
Informatics (year: 2),2,40882
Informatics (year: 2),2,40883
Informatics (year: 2),2,40884
Informatics (year: 2),2,40885
Informatics (year: 2),2,40886
Informatics (year: 2),2,40887
Informatics (year: 2),2,40888
Informatics (year: 2),2,40889
Informatics (year: 2),2,40890
Informatics (year: 2),2,40891
Informatics (year: 2),2,40892
Informatics (year: 2),2,40893
Informatics (year: 2),2,40894
Informatics (year: 2),2,40895
Informatics (year: 2),2,40896
Informatics (year: 2),2,40897
Informatics (year: 2),2,40898
Informatics (year: 2),2,40899
Informatics (year: 2),2,40900
Informatics (year: 2),3,40901
Informatics (year: 2),3,40902
Informatics (year: 2),3,40903
Informatics (year: 2),3,40904
Informatics (year: 2),3,40905
Informatics (year: 2),3,40906
Informatics (year: 2),3,40907
Informatics (year: 2),3,40908
Informatics (year: 2),3,40909
Informatics (year: 2),3,40910
Informatics (year: 2),3,40911
Informatics (year: 2),3,40912
Informatics (year: 2),3,40913
Informatics (year: 2),3,40914
Informatics (year: 2),3,40915
Informatics (year: 2),3,40916
Informatics (year: 2),3,40917
Informatics (year: 2),3,40918
Informatics (year: 2),3,40919
Informatics (year: 2),3,40920
Informatics (year: 2),4,40921
Informatics (year: 2),4,40922
Informatics (year: 2),4,40923
Informatics (year: 2),4,40924
Informatics (year: 2),4,40925
Informatics (year: 2),4,40926
Informatics (year: 2),4,40927
Informatics (year: 2),4,40928
Informatics (year: 2),4,40929
Informatics (year: 2),4,40930
Informatics (year: 2),4,40931
Informatics (year: 2),4,40932
Informatics (year: 2),4,40933
Informatics (year: 2),4,40934
Informatics (year: 2),4,40935
Informatics (year: 2),4,40936
Informatics (year: 2),4,40937
Informatics (year: 2),4,40938
Informatics (year: 2),4,40939
Informatics (year: 2),4,40940
Applied Mathematics (year: 3),1,40941
Applied Mathematics (year: 3),1,40942
Applied Mathematics (year: 3),1,40943
Applied Mathematics (year: 3),1,40944
Applied Mathematics (year: 3),1,40945
Applied Mathematics (year: 3),1,40946
Applied Mathematics (year: 3),1,40947
Applied Mathematics (year: 3),1,40948
Applied Mathematics (year: 3),1,40949
Applied Mathematics (year: 3),1,40950
Applied Mathematics (year: 3),1,40951
Applied Mathematics (year: 3),1,40952
Applied Mathematics (year: 3),1,40953
Applied Mathematics (year: 3),1,40954
Applied Mathematics (year: 3),1,40955
Applied Mathematics (year: 3),1,40956
Applied Mathematics (year: 3),1,40957
Applied Mathematics (year: 3),1,40958
Applied Mathematics (year: 3),1,40959
Applied Mathematics (year: 3),1,40960
Applied Mathematics (year: 3),2,40961
Applied Mathematics (year: 3),2,40962
Applied Mathematics (year: 3),2,40963
Applied Mathematics (year: 3),2,40964
Applied Mathematics (year: 3),2,40965
Applied Mathematics (year: 3),2,40966
Applied Mathematics (year: 3),2,40967
Applied Mathematics (year: 3),2,40968
Applied Mathematics (year: 3),2,40969
Applied Mathematics (year: 3),2,40970
Applied Mathematics (year: 3),2,40971
Applied Mathematics (year: 3),2,40972
Applied Mathematics (year: 3),2,40973
Applied Mathematics (year: 3),2,40974
Applied Mathematics (year: 3),2,40975
Applied Mathematics (year: 3),2,40976
Applied Mathematics (year: 3),2,40977
Applied Mathematics (year: 3),2,40978
Applied Mathematics (year: 3),2,40979
Applied Mathematics (year: 3),2,40980
Informatics (year: 4),1,40981
Informatics (year: 4),1,40982
Informatics (year: 4),1,40983
Informatics (year: 4),1,40984
Informatics (year: 4),1,40985
Informatics (year: 4),1,40986
Informatics (year: 4),1,40987
Informatics (year: 4),1,40988
Informatics (year: 4),1,40989
Informatics (year: 4),1,40990
Informatics (year: 4),1,40991
Informatics (year: 4),1,40992
Informatics (year: 4),1,40993
Informatics (year: 4),1,40994
Informatics (year: 4),1,40995
Informatics (year: 4),1,40996
Informatics (year: 4),1,40997
Informatics (year: 4),1,40998
Informatics (year: 4),1,40999
Informatics (year: 4),1,41000
Informatics (year: 4),2,41001
Informatics (year: 4),2,41002
Informatics (year: 4),2,41003
Informatics (year: 4),2,41004
Informatics (year: 4),2,41005
Informatics (year: 4),2,41006
Informatics (year: 4),2,41007
Informatics (year: 4),2,41008
Informatics (year: 4),2,41009
Informatics (year: 4),2,41010
Informatics (year: 4),2,41011
Informatics (year: 4),2,41012
Informatics (year: 4),2,41013
Informatics (year: 4),2,41014
Informatics (year: 4),2,41015
Informatics (year: 4),2,41016
Informatics (year: 4),2,41017
Informatics (year: 4),2,41018
Informatics (year: 4),2,41019
Informatics (year: 4),2,41020
Informatics (year: 4),3,41021
Informatics (year: 4),3,41022
Informatics (year: 4),3,41023
Informatics (year: 4),3,41024
Informatics (year: 4),3,41025
Informatics (year: 4),3,41026
Informatics (year: 4),3,41027
Informatics (year: 4),3,41028
Informatics (year: 4),3,41029
Informatics (year: 4),3,41030
Informatics (year: 4),3,41031
Informatics (year: 4),3,41032
Informatics (year: 4),3,41033
Informatics (year: 4),3,41034
Informatics (year: 4),3,41035
Informatics (year: 4),3,41036
Informatics (year: 4),3,41037
Informatics (year: 4),3,41038
Informatics (year: 4),3,41039
Informatics (year: 4),3,41040
Applied Mathematics (year: 1),1,41041
Applied Mathematics (year: 1),1,41042
Applied Mathematics (year: 1),1,41043
Applied Mathematics (year: 1),1,41044
Applied Mathematics (year: 1),1,41045
Applied Mathematics (year: 1),1,41046
Applied Mathematics (year: 1),1,41047
Applied Mathematics (year: 1),1,41048
Applied Mathematics (year: 1),1,41049
Applied Mathematics (year: 1),1,41050
Applied Mathematics (year: 1),1,41051
Applied Mathematics (year: 1),1,41052
Applied Mathematics (year: 1),1,41053
Applied Mathematics (year: 1),1,41054
Applied Mathematics (year: 1),1,41055
Applied Mathematics (year: 1),1,41056
Applied Mathematics (year: 1),1,41057
Applied Mathematics (year: 1),1,41058
Applied Mathematics (year: 1),1,41059
Applied Mathematics (year: 1),1,41060
Applied Mathematics (year: 1),2,41061
Applied Mathematics (year: 1),2,41062
Applied Mathematics (year: 1),2,41063
Applied Mathematics (year: 1),2,41064
Applied Mathematics (year: 1),2,41065
Applied Mathematics (year: 1),2,41066
Applied Mathematics (year: 1),2,41067
Applied Mathematics (year: 1),2,41068
Applied Mathematics (year: 1),2,41069
Applied Mathematics (year: 1),2,41070
Applied Mathematics (year: 1),2,41071
Applied Mathematics (year: 1),2,41072
Applied Mathematics (year: 1),2,41073
Applied Mathematics (year: 1),2,41074
Applied Mathematics (year: 1),2,41075
Applied Mathematics (year: 1),2,41076
Applied Mathematics (year: 1),2,41077
Applied Mathematics (year: 1),2,41078
Applied Mathematics (year: 1),2,41079
Applied Mathematics (year: 1),2,41080
Mathematics (year: 2),1,41081
Mathematics (year: 2),1,41082
Mathematics (year: 2),1,41083
Mathematics (year: 2),1,41084
Mathematics (year: 2),1,41085
Mathematics (year: 2),1,41086
Mathematics (year: 2),1,41087
Mathematics (year: 2),1,41088
Mathematics (year: 2),1,41089
Mathematics (year: 2),1,41090
Mathematics (year: 2),1,41091
Mathematics (year: 2),1,41092
Mathematics (year: 2),1,41093
Mathematics (year: 2),1,41094
Mathematics (year: 2),1,41095
Mathematics (year: 2),1,41096
Mathematics (year: 2),1,41097
Mathematics (year: 2),1,41098
Mathematics (year: 2),1,41099
Mathematics (year: 2),1,41100
Mathematics and Informatics (year: 1),1,41101
Mathematics and Informatics (year: 1),1,41102
Mathematics and Informatics (year: 1),1,41103
Mathematics and Informatics (year: 1),1,41104
Mathematics and Informatics (year: 1),1,41105
Mathematics and Informatics (year: 1),1,41106
Mathematics and Informatics (year: 1),1,41107
Mathematics and Informatics (year: 1),1,41108
Mathematics and Informatics (year: 1),1,41109
Mathematics and Informatics (year: 1),1,41110
Mathematics and Informatics (year: 1),1,41111
Mathematics and Informatics (year: 1),1,41112
Mathematics and Informatics (year: 1),1,41113
Mathematics and Informatics (year: 1),1,41114
Mathematics and Informatics (year: 1),1,41115
Mathematics and Informatics (year: 1),1,41116
Mathematics and Informatics (year: 1),1,41117
Mathematics and Informatics (year: 1),1,41118
Mathematics and Informatics (year: 1),1,41119
Mathematics and Informatics (year: 1),1,41120
Mathematics and Informatics (year: 1),2,41121
Mathematics and Informatics (year: 1),2,41122
Mathematics and Informatics (year: 1),2,41123
Mathematics and Informatics (year: 1),2,41124
Mathematics and Informatics (year: 1),2,41125
Mathematics and Informatics (year: 1),2,41126
Mathematics and Informatics (year: 1),2,41127
Mathematics and Informatics (year: 1),2,41128
Mathematics and Informatics (year: 1),2,41129
Mathematics and Informatics (year: 1),2,41130
Mathematics and Informatics (year: 1),2,41131
Mathematics and Informatics (year: 1),2,41132
Mathematics and Informatics (year: 1),2,41133
Mathematics and Informatics (year: 1),2,41134
Mathematics and Informatics (year: 1),2,41135
Mathematics and Informatics (year: 1),2,41136
Mathematics and Informatics (year: 1),2,41137
Mathematics and Informatics (year: 1),2,41138
Mathematics and Informatics (year: 1),2,41139
Mathematics and Informatics (year: 1),2,41140
Mathematics and Informatics (year: 1),3,41141
Mathematics and Informatics (year: 1),3,41142
Mathematics and Informatics (year: 1),3,41143
Mathematics and Informatics (year: 1),3,41144
Mathematics and Informatics (year: 1),3,41145
Mathematics and Informatics (year: 1),3,41146
Mathematics and Informatics (year: 1),3,41147
Mathematics and Informatics (year: 1),3,41148
Mathematics and Informatics (year: 1),3,41149
Mathematics and Informatics (year: 1),3,41150
Mathematics and Informatics (year: 1),3,41151
Mathematics and Informatics (year: 1),3,41152
Mathematics and Informatics (year: 1),3,41153
Mathematics and Informatics (year: 1),3,41154
Mathematics and Informatics (year: 1),3,41155
Mathematics and Informatics (year: 1),3,41156
Mathematics and Informatics (year: 1),3,41157
Mathematics and Informatics (year: 1),3,41158
Mathematics and Informatics (year: 1),3,41159
Mathematics and Informatics (year: 1),3,41160
Mathematics and Informatics (year: 1),4,41161
Mathematics and Informatics (year: 1),4,41162
Mathematics and Informatics (year: 1),4,41163
Mathematics and Informatics (year: 1),4,41164
Mathematics and Informatics (year: 1),4,41165
Mathematics and Informatics (year: 1),4,41166
Mathematics and Informatics (year: 1),4,41167
Mathematics and Informatics (year: 1),4,41168
Mathematics and Informatics (year: 1),4,41169
Mathematics and Informatics (year: 1),4,41170
Mathematics and Informatics (year: 1),4,41171
Mathematics and Informatics (year: 1),4,41172
Mathematics and Informatics (year: 1),4,41173
Mathematics and Informatics (year: 1),4,41174
Mathematics and Informatics (year: 1),4,41175
Mathematics and Informatics (year: 1),4,41176
Mathematics and Informatics (year: 1),4,41177
Mathematics and Informatics (year: 1),4,41178
Mathematics and Informatics (year: 1),4,41179
Mathematics and Informatics (year: 1),4,41180
Software Engineering (year: 4),1,41181
Software Engineering (year: 4),1,41182
Software Engineering (year: 4),1,41183
Software Engineering (year: 4),1,41184
Software Engineering (year: 4),1,41185
Software Engineering (year: 4),1,41186
Software Engineering (year: 4),1,41187
Software Engineering (year: 4),1,41188
Software Engineering (year: 4),1,41189
Software Engineering (year: 4),1,41190
Software Engineering (year: 4),1,41191
Software Engineering (year: 4),1,41192
Software Engineering (year: 4),1,41193
Software Engineering (year: 4),1,41194
Software Engineering (year: 4),1,41195
Software Engineering (year: 4),1,41196
Software Engineering (year: 4),1,41197
Software Engineering (year: 4),1,41198
Software Engineering (year: 4),1,41199
Software Engineering (year: 4),1,41200
Software Engineering (year: 4),2,41201
Software Engineering (year: 4),2,41202
Software Engineering (year: 4),2,41203
Software Engineering (year: 4),2,41204
Software Engineering (year: 4),2,41205
Software Engineering (year: 4),2,41206
Software Engineering (year: 4),2,41207
Software Engineering (year: 4),2,41208
Software Engineering (year: 4),2,41209
Software Engineering (year: 4),2,41210
Software Engineering (year: 4),2,41211
Software Engineering (year: 4),2,41212
Software Engineering (year: 4),2,41213
Software Engineering (year: 4),2,41214
Software Engineering (year: 4),2,41215
Software Engineering (year: 4),2,41216
Software Engineering (year: 4),2,41217
Software Engineering (year: 4),2,41218
Software Engineering (year: 4),2,41219
Software Engineering (year: 4),2,41220
Software Engineering (year: 4),3,41221
Software Engineering (year: 4),3,41222
Software Engineering (year: 4),3,41223
Software Engineering (year: 4),3,41224
Software Engineering (year: 4),3,41225
Software Engineering (year: 4),3,41226
Software Engineering (year: 4),3,41227
Software Engineering (year: 4),3,41228
Software Engineering (year: 4),3,41229
Software Engineering (year: 4),3,41230
Software Engineering (year: 4),3,41231
Software Engineering (year: 4),3,41232
Software Engineering (year: 4),3,41233
Software Engineering (year: 4),3,41234
Software Engineering (year: 4),3,41235
Software Engineering (year: 4),3,41236
Software Engineering (year: 4),3,41237
Software Engineering (year: 4),3,41238
Software Engineering (year: 4),3,41239
Software Engineering (year: 4),3,41240
Software Engineering (year: 4),4,41241
Software Engineering (year: 4),4,41242
Software Engineering (year: 4),4,41243
Software Engineering (year: 4),4,41244
Software Engineering (year: 4),4,41245
Software Engineering (year: 4),4,41246
Software Engineering (year: 4),4,41247
Software Engineering (year: 4),4,41248
Software Engineering (year: 4),4,41249
Software Engineering (year: 4),4,41250
Software Engineering (year: 4),4,41251
Software Engineering (year: 4),4,41252
Software Engineering (year: 4),4,41253
Software Engineering (year: 4),4,41254
Software Engineering (year: 4),4,41255
Software Engineering (year: 4),4,41256
Software Engineering (year: 4),4,41257
Software Engineering (year: 4),4,41258
Software Engineering (year: 4),4,41259
Software Engineering (year: 4),4,41260
Software Engineering (year: 4),5,41261
Software Engineering (year: 4),5,41262
Software Engineering (year: 4),5,41263
Software Engineering (year: 4),5,41264
Software Engineering (year: 4),5,41265
Software Engineering (year: 4),5,41266
Software Engineering (year: 4),5,41267
Software Engineering (year: 4),5,41268
Software Engineering (year: 4),5,41269
Software Engineering (year: 4),5,41270
Software Engineering (year: 4),5,41271
Software Engineering (year: 4),5,41272
Software Engineering (year: 4),5,41273
Software Engineering (year: 4),5,41274
Software Engineering (year: 4),5,41275
Software Engineering (year: 4),5,41276
Software Engineering (year: 4),5,41277
Software Engineering (year: 4),5,41278
Software Engineering (year: 4),5,41279
Software Engineering (year: 4),5,41280
Statistics (year: 2),1,41281
Statistics (year: 2),1,41282
Statistics (year: 2),1,41283
Statistics (year: 2),1,41284
Statistics (year: 2),1,41285
Statistics (year: 2),1,41286
Statistics (year: 2),1,41287
Statistics (year: 2),1,41288
Statistics (year: 2),1,41289
Statistics (year: 2),1,41290
Statistics (year: 2),1,41291
Statistics (year: 2),1,41292
Statistics (year: 2),1,41293
Statistics (year: 2),1,41294
Statistics (year: 2),1,41295
Statistics (year: 2),1,41296
Statistics (year: 2),1,41297
Statistics (year: 2),1,41298
Statistics (year: 2),1,41299
Statistics (year: 2),1,41300
Software Engineering (year: 2),1,41301
Software Engineering (year: 2),1,41302
Software Engineering (year: 2),1,41303
Software Engineering (year: 2),1,41304
Software Engineering (year: 2),1,41305
Software Engineering (year: 2),1,41306
Software Engineering (year: 2),1,41307
Software Engineering (year: 2),1,41308
Software Engineering (year: 2),1,41309
Software Engineering (year: 2),1,41310
Software Engineering (year: 2),1,41311
Software Engineering (year: 2),1,41312
Software Engineering (year: 2),1,41313
Software Engineering (year: 2),1,41314
Software Engineering (year: 2),1,41315
Software Engineering (year: 2),1,41316
Software Engineering (year: 2),1,41317
Software Engineering (year: 2),1,41318
Software Engineering (year: 2),1,41319
Software Engineering (year: 2),1,41320
Software Engineering (year: 2),2,41321
Software Engineering (year: 2),2,41322
Software Engineering (year: 2),2,41323
Software Engineering (year: 2),2,41324
Software Engineering (year: 2),2,41325
Software Engineering (year: 2),2,41326
Software Engineering (year: 2),2,41327
Software Engineering (year: 2),2,41328
Software Engineering (year: 2),2,41329
Software Engineering (year: 2),2,41330
Software Engineering (year: 2),2,41331
Software Engineering (year: 2),2,41332
Software Engineering (year: 2),2,41333
Software Engineering (year: 2),2,41334
Software Engineering (year: 2),2,41335
Software Engineering (year: 2),2,41336
Software Engineering (year: 2),2,41337
Software Engineering (year: 2),2,41338
Software Engineering (year: 2),2,41339
Software Engineering (year: 2),2,41340
Software Engineering (year: 2),3,41341
Software Engineering (year: 2),3,41342
Software Engineering (year: 2),3,41343
Software Engineering (year: 2),3,41344
Software Engineering (year: 2),3,41345
Software Engineering (year: 2),3,41346
Software Engineering (year: 2),3,41347
Software Engineering (year: 2),3,41348
Software Engineering (year: 2),3,41349
Software Engineering (year: 2),3,41350
Software Engineering (year: 2),3,41351
Software Engineering (year: 2),3,41352
Software Engineering (year: 2),3,41353
Software Engineering (year: 2),3,41354
Software Engineering (year: 2),3,41355
Software Engineering (year: 2),3,41356
Software Engineering (year: 2),3,41357
Software Engineering (year: 2),3,41358
Software Engineering (year: 2),3,41359
Software Engineering (year: 2),3,41360
Software Engineering (year: 2),4,41361
Software Engineering (year: 2),4,41362
Software Engineering (year: 2),4,41363
Software Engineering (year: 2),4,41364
Software Engineering (year: 2),4,41365
Software Engineering (year: 2),4,41366
Software Engineering (year: 2),4,41367
Software Engineering (year: 2),4,41368
Software Engineering (year: 2),4,41369
Software Engineering (year: 2),4,41370
Software Engineering (year: 2),4,41371
Software Engineering (year: 2),4,41372
Software Engineering (year: 2),4,41373
Software Engineering (year: 2),4,41374
Software Engineering (year: 2),4,41375
Software Engineering (year: 2),4,41376
Software Engineering (year: 2),4,41377
Software Engineering (year: 2),4,41378
Software Engineering (year: 2),4,41379
Software Engineering (year: 2),4,41380
Software Engineering (year: 2),5,41381
Software Engineering (year: 2),5,41382
Software Engineering (year: 2),5,41383
Software Engineering (year: 2),5,41384
Software Engineering (year: 2),5,41385
Software Engineering (year: 2),5,41386
Software Engineering (year: 2),5,41387
Software Engineering (year: 2),5,41388
Software Engineering (year: 2),5,41389
Software Engineering (year: 2),5,41390
Software Engineering (year: 2),5,41391
Software Engineering (year: 2),5,41392
Software Engineering (year: 2),5,41393
Software Engineering (year: 2),5,41394
Software Engineering (year: 2),5,41395
Software Engineering (year: 2),5,41396
Software Engineering (year: 2),5,41397
Software Engineering (year: 2),5,41398
Software Engineering (year: 2),5,41399
Software Engineering (year: 2),5,41400
Software Engineering (year: 2),6,41401
Software Engineering (year: 2),6,41402
Software Engineering (year: 2),6,41403
Software Engineering (year: 2),6,41404
Software Engineering (year: 2),6,41405
Software Engineering (year: 2),6,41406
Software Engineering (year: 2),6,41407
Software Engineering (year: 2),6,41408
Software Engineering (year: 2),6,41409
Software Engineering (year: 2),6,41410
Software Engineering (year: 2),6,41411
Software Engineering (year: 2),6,41412
Software Engineering (year: 2),6,41413
Software Engineering (year: 2),6,41414
Software Engineering (year: 2),6,41415
Software Engineering (year: 2),6,41416
Software Engineering (year: 2),6,41417
Software Engineering (year: 2),6,41418
Software Engineering (year: 2),6,41419
Software Engineering (year: 2),6,41420
Statistics (year: 4),1,41421
Statistics (year: 4),1,41422
Statistics (year: 4),1,41423
Statistics (year: 4),1,41424
Statistics (year: 4),1,41425
Statistics (year: 4),1,41426
Statistics (year: 4),1,41427
Statistics (year: 4),1,41428
Statistics (year: 4),1,41429
Statistics (year: 4),1,41430
Statistics (year: 4),1,41431
Statistics (year: 4),1,41432
Statistics (year: 4),1,41433
Statistics (year: 4),1,41434
Statistics (year: 4),1,41435
Statistics (year: 4),1,41436
Statistics (year: 4),1,41437
Statistics (year: 4),1,41438
Statistics (year: 4),1,41439
Statistics (year: 4),1,41440
Mathematics and Informatics (year: 3),1,41441
Mathematics and Informatics (year: 3),1,41442
Mathematics and Informatics (year: 3),1,41443
Mathematics and Informatics (year: 3),1,41444
Mathematics and Informatics (year: 3),1,41445
Mathematics and Informatics (year: 3),1,41446
Mathematics and Informatics (year: 3),1,41447
Mathematics and Informatics (year: 3),1,41448
Mathematics and Informatics (year: 3),1,41449
Mathematics and Informatics (year: 3),1,41450
Mathematics and Informatics (year: 3),1,41451
Mathematics and Informatics (year: 3),1,41452
Mathematics and Informatics (year: 3),1,41453
Mathematics and Informatics (year: 3),1,41454
Mathematics and Informatics (year: 3),1,41455
Mathematics and Informatics (year: 3),1,41456
Mathematics and Informatics (year: 3),1,41457
Mathematics and Informatics (year: 3),1,41458
Mathematics and Informatics (year: 3),1,41459
Mathematics and Informatics (year: 3),1,41460
Mathematics and Informatics (year: 3),2,41461
Mathematics and Informatics (year: 3),2,41462
Mathematics and Informatics (year: 3),2,41463
Mathematics and Informatics (year: 3),2,41464
Mathematics and Informatics (year: 3),2,41465
Mathematics and Informatics (year: 3),2,41466
Mathematics and Informatics (year: 3),2,41467
Mathematics and Informatics (year: 3),2,41468
Mathematics and Informatics (year: 3),2,41469
Mathematics and Informatics (year: 3),2,41470
Mathematics and Informatics (year: 3),2,41471
Mathematics and Informatics (year: 3),2,41472
Mathematics and Informatics (year: 3),2,41473
Mathematics and Informatics (year: 3),2,41474
Mathematics and Informatics (year: 3),2,41475
Mathematics and Informatics (year: 3),2,41476
Mathematics and Informatics (year: 3),2,41477
Mathematics and Informatics (year: 3),2,41478
Mathematics and Informatics (year: 3),2,41479
Mathematics and Informatics (year: 3),2,41480
Mathematics and Informatics (year: 3),3,41481
Mathematics and Informatics (year: 3),3,41482
Mathematics and Informatics (year: 3),3,41483
Mathematics and Informatics (year: 3),3,41484
Mathematics and Informatics (year: 3),3,41485
Mathematics and Informatics (year: 3),3,41486
Mathematics and Informatics (year: 3),3,41487
Mathematics and Informatics (year: 3),3,41488
Mathematics and Informatics (year: 3),3,41489
Mathematics and Informatics (year: 3),3,41490
Mathematics and Informatics (year: 3),3,41491
Mathematics and Informatics (year: 3),3,41492
Mathematics and Informatics (year: 3),3,41493
Mathematics and Informatics (year: 3),3,41494
Mathematics and Informatics (year: 3),3,41495
Mathematics and Informatics (year: 3),3,41496
Mathematics and Informatics (year: 3),3,41497
Mathematics and Informatics (year: 3),3,41498
Mathematics and Informatics (year: 3),3,41499
Mathematics and Informatics (year: 3),3,41500
Mathematics and Informatics (year: 3),4,41501
Mathematics and Informatics (year: 3),4,41502
Mathematics and Informatics (year: 3),4,41503
Mathematics and Informatics (year: 3),4,41504
Mathematics and Informatics (year: 3),4,41505
Mathematics and Informatics (year: 3),4,41506
Mathematics and Informatics (year: 3),4,41507
Mathematics and Informatics (year: 3),4,41508
Mathematics and Informatics (year: 3),4,41509
Mathematics and Informatics (year: 3),4,41510
Mathematics and Informatics (year: 3),4,41511
Mathematics and Informatics (year: 3),4,41512
Mathematics and Informatics (year: 3),4,41513
Mathematics and Informatics (year: 3),4,41514
Mathematics and Informatics (year: 3),4,41515
Mathematics and Informatics (year: 3),4,41516
Mathematics and Informatics (year: 3),4,41517
Mathematics and Informatics (year: 3),4,41518
Mathematics and Informatics (year: 3),4,41519
Mathematics and Informatics (year: 3),4,41520
Information Systems (year: 4),1,41521
Information Systems (year: 4),1,41522
Information Systems (year: 4),1,41523
Information Systems (year: 4),1,41524
Information Systems (year: 4),1,41525
Information Systems (year: 4),1,41526
Information Systems (year: 4),1,41527
Information Systems (year: 4),1,41528
Information Systems (year: 4),1,41529
Information Systems (year: 4),1,41530
Information Systems (year: 4),1,41531
Information Systems (year: 4),1,41532
Information Systems (year: 4),1,41533
Information Systems (year: 4),1,41534
Information Systems (year: 4),1,41535
Information Systems (year: 4),1,41536
Information Systems (year: 4),1,41537
Information Systems (year: 4),1,41538
Information Systems (year: 4),1,41539
Information Systems (year: 4),1,41540
Information Systems (year: 4),2,41541
Information Systems (year: 4),2,41542
Information Systems (year: 4),2,41543
Information Systems (year: 4),2,41544
Information Systems (year: 4),2,41545
Information Systems (year: 4),2,41546
Information Systems (year: 4),2,41547
Information Systems (year: 4),2,41548
Information Systems (year: 4),2,41549
Information Systems (year: 4),2,41550
Information Systems (year: 4),2,41551
Information Systems (year: 4),2,41552
Information Systems (year: 4),2,41553
Information Systems (year: 4),2,41554
Information Systems (year: 4),2,41555
Information Systems (year: 4),2,41556
Information Systems (year: 4),2,41557
Information Systems (year: 4),2,41558
Information Systems (year: 4),2,41559
Information Systems (year: 4),2,41560
Information Systems (year: 4),3,41561
Information Systems (year: 4),3,41562
Information Systems (year: 4),3,41563
Information Systems (year: 4),3,41564
Information Systems (year: 4),3,41565
Information Systems (year: 4),3,41566
Information Systems (year: 4),3,41567
Information Systems (year: 4),3,41568
Information Systems (year: 4),3,41569
Information Systems (year: 4),3,41570
Information Systems (year: 4),3,41571
Information Systems (year: 4),3,41572
Information Systems (year: 4),3,41573
Information Systems (year: 4),3,41574
Information Systems (year: 4),3,41575
Information Systems (year: 4),3,41576
Information Systems (year: 4),3,41577
Information Systems (year: 4),3,41578
Information Systems (year: 4),3,41579
Information Systems (year: 4),3,41580
Computer Science (1) (year: 4),1,41581
Computer Science (1) (year: 4),1,41582
Computer Science (1) (year: 4),1,41583
Computer Science (1) (year: 4),1,41584
Computer Science (1) (year: 4),1,41585
Computer Science (1) (year: 4),1,41586
Computer Science (1) (year: 4),1,41587
Computer Science (1) (year: 4),1,41588
Computer Science (1) (year: 4),1,41589
Computer Science (1) (year: 4),1,41590
Computer Science (1) (year: 4),1,41591
Computer Science (1) (year: 4),1,41592
Computer Science (1) (year: 4),1,41593
Computer Science (1) (year: 4),1,41594
Computer Science (1) (year: 4),1,41595
Computer Science (1) (year: 4),1,41596
Computer Science (1) (year: 4),1,41597
Computer Science (1) (year: 4),1,41598
Computer Science (1) (year: 4),1,41599
Computer Science (1) (year: 4),1,41600
Computer Science (1) (year: 4),2,41601
Computer Science (1) (year: 4),2,41602
Computer Science (1) (year: 4),2,41603
Computer Science (1) (year: 4),2,41604
Computer Science (1) (year: 4),2,41605
Computer Science (1) (year: 4),2,41606
Computer Science (1) (year: 4),2,41607
Computer Science (1) (year: 4),2,41608
Computer Science (1) (year: 4),2,41609
Computer Science (1) (year: 4),2,41610
Computer Science (1) (year: 4),2,41611
Computer Science (1) (year: 4),2,41612
Computer Science (1) (year: 4),2,41613
Computer Science (1) (year: 4),2,41614
Computer Science (1) (year: 4),2,41615
Computer Science (1) (year: 4),2,41616
Computer Science (1) (year: 4),2,41617
Computer Science (1) (year: 4),2,41618
Computer Science (1) (year: 4),2,41619
Computer Science (1) (year: 4),2,41620
Computer Science (1) (year: 4),3,41621
Computer Science (1) (year: 4),3,41622
Computer Science (1) (year: 4),3,41623
Computer Science (1) (year: 4),3,41624
Computer Science (1) (year: 4),3,41625
Computer Science (1) (year: 4),3,41626
Computer Science (1) (year: 4),3,41627
Computer Science (1) (year: 4),3,41628
Computer Science (1) (year: 4),3,41629
Computer Science (1) (year: 4),3,41630
Computer Science (1) (year: 4),3,41631
Computer Science (1) (year: 4),3,41632
Computer Science (1) (year: 4),3,41633
Computer Science (1) (year: 4),3,41634
Computer Science (1) (year: 4),3,41635
Computer Science (1) (year: 4),3,41636
Computer Science (1) (year: 4),3,41637
Computer Science (1) (year: 4),3,41638
Computer Science (1) (year: 4),3,41639
Computer Science (1) (year: 4),3,41640
Computer Science (1) (year: 4),4,41641
Computer Science (1) (year: 4),4,41642
Computer Science (1) (year: 4),4,41643
Computer Science (1) (year: 4),4,41644
Computer Science (1) (year: 4),4,41645
Computer Science (1) (year: 4),4,41646
Computer Science (1) (year: 4),4,41647
Computer Science (1) (year: 4),4,41648
Computer Science (1) (year: 4),4,41649
Computer Science (1) (year: 4),4,41650
Computer Science (1) (year: 4),4,41651
Computer Science (1) (year: 4),4,41652
Computer Science (1) (year: 4),4,41653
Computer Science (1) (year: 4),4,41654
Computer Science (1) (year: 4),4,41655
Computer Science (1) (year: 4),4,41656
Computer Science (1) (year: 4),4,41657
Computer Science (1) (year: 4),4,41658
Computer Science (1) (year: 4),4,41659
Computer Science (1) (year: 4),4,41660
Computer Science (2) (year: 4),1,41661
Computer Science (2) (year: 4),1,41662
Computer Science (2) (year: 4),1,41663
Computer Science (2) (year: 4),1,41664
Computer Science (2) (year: 4),1,41665
Computer Science (2) (year: 4),1,41666
Computer Science (2) (year: 4),1,41667
Computer Science (2) (year: 4),1,41668
Computer Science (2) (year: 4),1,41669
Computer Science (2) (year: 4),1,41670
Computer Science (2) (year: 4),1,41671
Computer Science (2) (year: 4),1,41672
Computer Science (2) (year: 4),1,41673
Computer Science (2) (year: 4),1,41674
Computer Science (2) (year: 4),1,41675
Computer Science (2) (year: 4),1,41676
Computer Science (2) (year: 4),1,41677
Computer Science (2) (year: 4),1,41678
Computer Science (2) (year: 4),1,41679
Computer Science (2) (year: 4),1,41680
Computer Science (2) (year: 4),2,41681
Computer Science (2) (year: 4),2,41682
Computer Science (2) (year: 4),2,41683
Computer Science (2) (year: 4),2,41684
Computer Science (2) (year: 4),2,41685
Computer Science (2) (year: 4),2,41686
Computer Science (2) (year: 4),2,41687
Computer Science (2) (year: 4),2,41688
Computer Science (2) (year: 4),2,41689
Computer Science (2) (year: 4),2,41690
Computer Science (2) (year: 4),2,41691
Computer Science (2) (year: 4),2,41692
Computer Science (2) (year: 4),2,41693
Computer Science (2) (year: 4),2,41694
Computer Science (2) (year: 4),2,41695
Computer Science (2) (year: 4),2,41696
Computer Science (2) (year: 4),2,41697
Computer Science (2) (year: 4),2,41698
Computer Science (2) (year: 4),2,41699
Computer Science (2) (year: 4),2,41700
Computer Science (2) (year: 4),3,41701
Computer Science (2) (year: 4),3,41702
Computer Science (2) (year: 4),3,41703
Computer Science (2) (year: 4),3,41704
Computer Science (2) (year: 4),3,41705
Computer Science (2) (year: 4),3,41706
Computer Science (2) (year: 4),3,41707
Computer Science (2) (year: 4),3,41708
Computer Science (2) (year: 4),3,41709
Computer Science (2) (year: 4),3,41710
Computer Science (2) (year: 4),3,41711
Computer Science (2) (year: 4),3,41712
Computer Science (2) (year: 4),3,41713
Computer Science (2) (year: 4),3,41714
Computer Science (2) (year: 4),3,41715
Computer Science (2) (year: 4),3,41716
Computer Science (2) (year: 4),3,41717
Computer Science (2) (year: 4),3,41718
Computer Science (2) (year: 4),3,41719
Computer Science (2) (year: 4),3,41720
Computer Science (2) (year: 4),4,41721
Computer Science (2) (year: 4),4,41722
Computer Science (2) (year: 4),4,41723
Computer Science (2) (year: 4),4,41724
Computer Science (2) (year: 4),4,41725
Computer Science (2) (year: 4),4,41726
Computer Science (2) (year: 4),4,41727
Computer Science (2) (year: 4),4,41728
Computer Science (2) (year: 4),4,41729
Computer Science (2) (year: 4),4,41730
Computer Science (2) (year: 4),4,41731
Computer Science (2) (year: 4),4,41732
Computer Science (2) (year: 4),4,41733
Computer Science (2) (year: 4),4,41734
Computer Science (2) (year: 4),4,41735
Computer Science (2) (year: 4),4,41736
Computer Science (2) (year: 4),4,41737
Computer Science (2) (year: 4),4,41738
Computer Science (2) (year: 4),4,41739
Computer Science (2) (year: 4),4,41740
Information Systems (year: 2),1,41741
Information Systems (year: 2),1,41742
Information Systems (year: 2),1,41743
Information Systems (year: 2),1,41744
Information Systems (year: 2),1,41745
Information Systems (year: 2),1,41746
Information Systems (year: 2),1,41747
Information Systems (year: 2),1,41748
Information Systems (year: 2),1,41749
Information Systems (year: 2),1,41750
Information Systems (year: 2),1,41751
Information Systems (year: 2),1,41752
Information Systems (year: 2),1,41753
Information Systems (year: 2),1,41754
Information Systems (year: 2),1,41755
Information Systems (year: 2),1,41756
Information Systems (year: 2),1,41757
Information Systems (year: 2),1,41758
Information Systems (year: 2),1,41759
Information Systems (year: 2),1,41760
Information Systems (year: 2),2,41761
Information Systems (year: 2),2,41762
Information Systems (year: 2),2,41763
Information Systems (year: 2),2,41764
Information Systems (year: 2),2,41765
Information Systems (year: 2),2,41766
Information Systems (year: 2),2,41767
Information Systems (year: 2),2,41768
Information Systems (year: 2),2,41769
Information Systems (year: 2),2,41770
Information Systems (year: 2),2,41771
Information Systems (year: 2),2,41772
Information Systems (year: 2),2,41773
Information Systems (year: 2),2,41774
Information Systems (year: 2),2,41775
Information Systems (year: 2),2,41776
Information Systems (year: 2),2,41777
Information Systems (year: 2),2,41778
Information Systems (year: 2),2,41779
Information Systems (year: 2),2,41780
Information Systems (year: 2),3,41781
Information Systems (year: 2),3,41782
Information Systems (year: 2),3,41783
Information Systems (year: 2),3,41784
Information Systems (year: 2),3,41785
Information Systems (year: 2),3,41786
Information Systems (year: 2),3,41787
Information Systems (year: 2),3,41788
Information Systems (year: 2),3,41789
Information Systems (year: 2),3,41790
Information Systems (year: 2),3,41791
Information Systems (year: 2),3,41792
Information Systems (year: 2),3,41793
Information Systems (year: 2),3,41794
Information Systems (year: 2),3,41795
Information Systems (year: 2),3,41796
Information Systems (year: 2),3,41797
Information Systems (year: 2),3,41798
Information Systems (year: 2),3,41799
Information Systems (year: 2),3,41800
Information Systems (year: 2),4,41801
Information Systems (year: 2),4,41802
Information Systems (year: 2),4,41803
Information Systems (year: 2),4,41804
Information Systems (year: 2),4,41805
Information Systems (year: 2),4,41806
Information Systems (year: 2),4,41807
Information Systems (year: 2),4,41808
Information Systems (year: 2),4,41809
Information Systems (year: 2),4,41810
Information Systems (year: 2),4,41811
Information Systems (year: 2),4,41812
Information Systems (year: 2),4,41813
Information Systems (year: 2),4,41814
Information Systems (year: 2),4,41815
Information Systems (year: 2),4,41816
Information Systems (year: 2),4,41817
Information Systems (year: 2),4,41818
Information Systems (year: 2),4,41819
Information Systems (year: 2),4,41820
Computer Science (1) (year: 3),1,41821
Computer Science (1) (year: 3),1,41822
Computer Science (1) (year: 3),1,41823
Computer Science (1) (year: 3),1,41824
Computer Science (1) (year: 3),1,41825
Computer Science (1) (year: 3),1,41826
Computer Science (1) (year: 3),1,41827
Computer Science (1) (year: 3),1,41828
Computer Science (1) (year: 3),1,41829
Computer Science (1) (year: 3),1,41830
Computer Science (1) (year: 3),1,41831
Computer Science (1) (year: 3),1,41832
Computer Science (1) (year: 3),1,41833
Computer Science (1) (year: 3),1,41834
Computer Science (1) (year: 3),1,41835
Computer Science (1) (year: 3),1,41836
Computer Science (1) (year: 3),1,41837
Computer Science (1) (year: 3),1,41838
Computer Science (1) (year: 3),1,41839
Computer Science (1) (year: 3),1,41840
Computer Science (1) (year: 3),2,41841
Computer Science (1) (year: 3),2,41842
Computer Science (1) (year: 3),2,41843
Computer Science (1) (year: 3),2,41844
Computer Science (1) (year: 3),2,41845
Computer Science (1) (year: 3),2,41846
Computer Science (1) (year: 3),2,41847
Computer Science (1) (year: 3),2,41848
Computer Science (1) (year: 3),2,41849
Computer Science (1) (year: 3),2,41850
Computer Science (1) (year: 3),2,41851
Computer Science (1) (year: 3),2,41852
Computer Science (1) (year: 3),2,41853
Computer Science (1) (year: 3),2,41854
Computer Science (1) (year: 3),2,41855
Computer Science (1) (year: 3),2,41856
Computer Science (1) (year: 3),2,41857
Computer Science (1) (year: 3),2,41858
Computer Science (1) (year: 3),2,41859
Computer Science (1) (year: 3),2,41860
Computer Science (1) (year: 3),3,41861
Computer Science (1) (year: 3),3,41862
Computer Science (1) (year: 3),3,41863
Computer Science (1) (year: 3),3,41864
Computer Science (1) (year: 3),3,41865
Computer Science (1) (year: 3),3,41866
Computer Science (1) (year: 3),3,41867
Computer Science (1) (year: 3),3,41868
Computer Science (1) (year: 3),3,41869
Computer Science (1) (year: 3),3,41870
Computer Science (1) (year: 3),3,41871
Computer Science (1) (year: 3),3,41872
Computer Science (1) (year: 3),3,41873
Computer Science (1) (year: 3),3,41874
Computer Science (1) (year: 3),3,41875
Computer Science (1) (year: 3),3,41876
Computer Science (1) (year: 3),3,41877
Computer Science (1) (year: 3),3,41878
Computer Science (1) (year: 3),3,41879
Computer Science (1) (year: 3),3,41880
Computer Science (1) (year: 3),4,41881
Computer Science (1) (year: 3),4,41882
Computer Science (1) (year: 3),4,41883
Computer Science (1) (year: 3),4,41884
Computer Science (1) (year: 3),4,41885
Computer Science (1) (year: 3),4,41886
Computer Science (1) (year: 3),4,41887
Computer Science (1) (year: 3),4,41888
Computer Science (1) (year: 3),4,41889
Computer Science (1) (year: 3),4,41890
Computer Science (1) (year: 3),4,41891
Computer Science (1) (year: 3),4,41892
Computer Science (1) (year: 3),4,41893
Computer Science (1) (year: 3),4,41894
Computer Science (1) (year: 3),4,41895
Computer Science (1) (year: 3),4,41896
Computer Science (1) (year: 3),4,41897
Computer Science (1) (year: 3),4,41898
Computer Science (1) (year: 3),4,41899
Computer Science (1) (year: 3),4,41900
Computer Science (2) (year: 3),1,41901
Computer Science (2) (year: 3),1,41902
Computer Science (2) (year: 3),1,41903
Computer Science (2) (year: 3),1,41904
Computer Science (2) (year: 3),1,41905
Computer Science (2) (year: 3),1,41906
Computer Science (2) (year: 3),1,41907
Computer Science (2) (year: 3),1,41908
Computer Science (2) (year: 3),1,41909
Computer Science (2) (year: 3),1,41910
Computer Science (2) (year: 3),1,41911
Computer Science (2) (year: 3),1,41912
Computer Science (2) (year: 3),1,41913
Computer Science (2) (year: 3),1,41914
Computer Science (2) (year: 3),1,41915
Computer Science (2) (year: 3),1,41916
Computer Science (2) (year: 3),1,41917
Computer Science (2) (year: 3),1,41918
Computer Science (2) (year: 3),1,41919
Computer Science (2) (year: 3),1,41920
Computer Science (2) (year: 3),2,41921
Computer Science (2) (year: 3),2,41922
Computer Science (2) (year: 3),2,41923
Computer Science (2) (year: 3),2,41924
Computer Science (2) (year: 3),2,41925
Computer Science (2) (year: 3),2,41926
Computer Science (2) (year: 3),2,41927
Computer Science (2) (year: 3),2,41928
Computer Science (2) (year: 3),2,41929
Computer Science (2) (year: 3),2,41930
Computer Science (2) (year: 3),2,41931
Computer Science (2) (year: 3),2,41932
Computer Science (2) (year: 3),2,41933
Computer Science (2) (year: 3),2,41934
Computer Science (2) (year: 3),2,41935
Computer Science (2) (year: 3),2,41936
Computer Science (2) (year: 3),2,41937
Computer Science (2) (year: 3),2,41938
Computer Science (2) (year: 3),2,41939
Computer Science (2) (year: 3),2,41940
Computer Science (2) (year: 3),3,41941
Computer Science (2) (year: 3),3,41942
Computer Science (2) (year: 3),3,41943
Computer Science (2) (year: 3),3,41944
Computer Science (2) (year: 3),3,41945
Computer Science (2) (year: 3),3,41946
Computer Science (2) (year: 3),3,41947
Computer Science (2) (year: 3),3,41948
Computer Science (2) (year: 3),3,41949
Computer Science (2) (year: 3),3,41950
Computer Science (2) (year: 3),3,41951
Computer Science (2) (year: 3),3,41952
Computer Science (2) (year: 3),3,41953
Computer Science (2) (year: 3),3,41954
Computer Science (2) (year: 3),3,41955
Computer Science (2) (year: 3),3,41956
Computer Science (2) (year: 3),3,41957
Computer Science (2) (year: 3),3,41958
Computer Science (2) (year: 3),3,41959
Computer Science (2) (year: 3),3,41960
Computer Science (2) (year: 3),4,41961
Computer Science (2) (year: 3),4,41962
Computer Science (2) (year: 3),4,41963
Computer Science (2) (year: 3),4,41964
Computer Science (2) (year: 3),4,41965
Computer Science (2) (year: 3),4,41966
Computer Science (2) (year: 3),4,41967
Computer Science (2) (year: 3),4,41968
Computer Science (2) (year: 3),4,41969
Computer Science (2) (year: 3),4,41970
Computer Science (2) (year: 3),4,41971
Computer Science (2) (year: 3),4,41972
Computer Science (2) (year: 3),4,41973
Computer Science (2) (year: 3),4,41974
Computer Science (2) (year: 3),4,41975
Computer Science (2) (year: 3),4,41976
Computer Science (2) (year: 3),4,41977
Computer Science (2) (year: 3),4,41978
Computer Science (2) (year: 3),4,41979
Computer Science (2) (year: 3),4,41980
Mathematics (year: 3),1,41981
Mathematics (year: 3),1,41982
Mathematics (year: 3),1,41983
Mathematics (year: 3),1,41984
Mathematics (year: 3),1,41985
Mathematics (year: 3),1,41986
Mathematics (year: 3),1,41987
Mathematics (year: 3),1,41988
Mathematics (year: 3),1,41989
Mathematics (year: 3),1,41990
Mathematics (year: 3),1,41991
Mathematics (year: 3),1,41992
Mathematics (year: 3),1,41993
Mathematics (year: 3),1,41994
Mathematics (year: 3),1,41995
Mathematics (year: 3),1,41996
Mathematics (year: 3),1,41997
Mathematics (year: 3),1,41998
Mathematics (year: 3),1,41999
Mathematics (year: 3),1,42000
Computer Science (1) (year: 1),1,42001
Computer Science (1) (year: 1),1,42002
Computer Science (1) (year: 1),1,42003
Computer Science (1) (year: 1),1,42004
Computer Science (1) (year: 1),1,42005
Computer Science (1) (year: 1),1,42006
Computer Science (1) (year: 1),1,42007
Computer Science (1) (year: 1),1,42008
Computer Science (1) (year: 1),1,42009
Computer Science (1) (year: 1),1,42010
Computer Science (1) (year: 1),1,42011
Computer Science (1) (year: 1),1,42012
Computer Science (1) (year: 1),1,42013
Computer Science (1) (year: 1),1,42014
Computer Science (1) (year: 1),1,42015
Computer Science (1) (year: 1),1,42016
Computer Science (1) (year: 1),1,42017
Computer Science (1) (year: 1),1,42018
Computer Science (1) (year: 1),1,42019
Computer Science (1) (year: 1),1,42020
Computer Science (1) (year: 1),2,42021
Computer Science (1) (year: 1),2,42022
Computer Science (1) (year: 1),2,42023
Computer Science (1) (year: 1),2,42024
Computer Science (1) (year: 1),2,42025
Computer Science (1) (year: 1),2,42026
Computer Science (1) (year: 1),2,42027
Computer Science (1) (year: 1),2,42028
Computer Science (1) (year: 1),2,42029
Computer Science (1) (year: 1),2,42030
Computer Science (1) (year: 1),2,42031
Computer Science (1) (year: 1),2,42032
Computer Science (1) (year: 1),2,42033
Computer Science (1) (year: 1),2,42034
Computer Science (1) (year: 1),2,42035
Computer Science (1) (year: 1),2,42036
Computer Science (1) (year: 1),2,42037
Computer Science (1) (year: 1),2,42038
Computer Science (1) (year: 1),2,42039
Computer Science (1) (year: 1),2,42040
Computer Science (1) (year: 1),3,42041
Computer Science (1) (year: 1),3,42042
Computer Science (1) (year: 1),3,42043
Computer Science (1) (year: 1),3,42044
Computer Science (1) (year: 1),3,42045
Computer Science (1) (year: 1),3,42046
Computer Science (1) (year: 1),3,42047
Computer Science (1) (year: 1),3,42048
Computer Science (1) (year: 1),3,42049
Computer Science (1) (year: 1),3,42050
Computer Science (1) (year: 1),3,42051
Computer Science (1) (year: 1),3,42052
Computer Science (1) (year: 1),3,42053
Computer Science (1) (year: 1),3,42054
Computer Science (1) (year: 1),3,42055
Computer Science (1) (year: 1),3,42056
Computer Science (1) (year: 1),3,42057
Computer Science (1) (year: 1),3,42058
Computer Science (1) (year: 1),3,42059
Computer Science (1) (year: 1),3,42060
Computer Science (1) (year: 1),4,42061
Computer Science (1) (year: 1),4,42062
Computer Science (1) (year: 1),4,42063
Computer Science (1) (year: 1),4,42064
Computer Science (1) (year: 1),4,42065
Computer Science (1) (year: 1),4,42066
Computer Science (1) (year: 1),4,42067
Computer Science (1) (year: 1),4,42068
Computer Science (1) (year: 1),4,42069
Computer Science (1) (year: 1),4,42070
Computer Science (1) (year: 1),4,42071
Computer Science (1) (year: 1),4,42072
Computer Science (1) (year: 1),4,42073
Computer Science (1) (year: 1),4,42074
Computer Science (1) (year: 1),4,42075
Computer Science (1) (year: 1),4,42076
Computer Science (1) (year: 1),4,42077
Computer Science (1) (year: 1),4,42078
Computer Science (1) (year: 1),4,42079
Computer Science (1) (year: 1),4,42080
Computer Science (2) (year: 1),1,42081
Computer Science (2) (year: 1),1,42082
Computer Science (2) (year: 1),1,42083
Computer Science (2) (year: 1),1,42084
Computer Science (2) (year: 1),1,42085
Computer Science (2) (year: 1),1,42086
Computer Science (2) (year: 1),1,42087
Computer Science (2) (year: 1),1,42088
Computer Science (2) (year: 1),1,42089
Computer Science (2) (year: 1),1,42090
Computer Science (2) (year: 1),1,42091
Computer Science (2) (year: 1),1,42092
Computer Science (2) (year: 1),1,42093
Computer Science (2) (year: 1),1,42094
Computer Science (2) (year: 1),1,42095
Computer Science (2) (year: 1),1,42096
Computer Science (2) (year: 1),1,42097
Computer Science (2) (year: 1),1,42098
Computer Science (2) (year: 1),1,42099
Computer Science (2) (year: 1),1,42100
Computer Science (2) (year: 1),2,42101
Computer Science (2) (year: 1),2,42102
Computer Science (2) (year: 1),2,42103
Computer Science (2) (year: 1),2,42104
Computer Science (2) (year: 1),2,42105
Computer Science (2) (year: 1),2,42106
Computer Science (2) (year: 1),2,42107
Computer Science (2) (year: 1),2,42108
Computer Science (2) (year: 1),2,42109
Computer Science (2) (year: 1),2,42110
Computer Science (2) (year: 1),2,42111
Computer Science (2) (year: 1),2,42112
Computer Science (2) (year: 1),2,42113
Computer Science (2) (year: 1),2,42114
Computer Science (2) (year: 1),2,42115
Computer Science (2) (year: 1),2,42116
Computer Science (2) (year: 1),2,42117
Computer Science (2) (year: 1),2,42118
Computer Science (2) (year: 1),2,42119
Computer Science (2) (year: 1),2,42120
Computer Science (2) (year: 1),3,42121
Computer Science (2) (year: 1),3,42122
Computer Science (2) (year: 1),3,42123
Computer Science (2) (year: 1),3,42124
Computer Science (2) (year: 1),3,42125
Computer Science (2) (year: 1),3,42126
Computer Science (2) (year: 1),3,42127
Computer Science (2) (year: 1),3,42128
Computer Science (2) (year: 1),3,42129
Computer Science (2) (year: 1),3,42130
Computer Science (2) (year: 1),3,42131
Computer Science (2) (year: 1),3,42132
Computer Science (2) (year: 1),3,42133
Computer Science (2) (year: 1),3,42134
Computer Science (2) (year: 1),3,42135
Computer Science (2) (year: 1),3,42136
Computer Science (2) (year: 1),3,42137
Computer Science (2) (year: 1),3,42138
Computer Science (2) (year: 1),3,42139
Computer Science (2) (year: 1),3,42140
Computer Science (2) (year: 1),4,42141
Computer Science (2) (year: 1),4,42142
Computer Science (2) (year: 1),4,42143
Computer Science (2) (year: 1),4,42144
Computer Science (2) (year: 1),4,42145
Computer Science (2) (year: 1),4,42146
Computer Science (2) (year: 1),4,42147
Computer Science (2) (year: 1),4,42148
Computer Science (2) (year: 1),4,42149
Computer Science (2) (year: 1),4,42150
Computer Science (2) (year: 1),4,42151
Computer Science (2) (year: 1),4,42152
Computer Science (2) (year: 1),4,42153
Computer Science (2) (year: 1),4,42154
Computer Science (2) (year: 1),4,42155
Computer Science (2) (year: 1),4,42156
Computer Science (2) (year: 1),4,42157
Computer Science (2) (year: 1),4,42158
Computer Science (2) (year: 1),4,42159
Computer Science (2) (year: 1),4,42160
Informatics (year: 3),1,42161
Informatics (year: 3),1,42162
Informatics (year: 3),1,42163
Informatics (year: 3),1,42164
Informatics (year: 3),1,42165
Informatics (year: 3),1,42166
Informatics (year: 3),1,42167
Informatics (year: 3),1,42168
Informatics (year: 3),1,42169
Informatics (year: 3),1,42170
Informatics (year: 3),1,42171
Informatics (year: 3),1,42172
Informatics (year: 3),1,42173
Informatics (year: 3),1,42174
Informatics (year: 3),1,42175
Informatics (year: 3),1,42176
Informatics (year: 3),1,42177
Informatics (year: 3),1,42178
Informatics (year: 3),1,42179
Informatics (year: 3),1,42180
Informatics (year: 3),2,42181
Informatics (year: 3),2,42182
Informatics (year: 3),2,42183
Informatics (year: 3),2,42184
Informatics (year: 3),2,42185
Informatics (year: 3),2,42186
Informatics (year: 3),2,42187
Informatics (year: 3),2,42188
Informatics (year: 3),2,42189
Informatics (year: 3),2,42190
Informatics (year: 3),2,42191
Informatics (year: 3),2,42192
Informatics (year: 3),2,42193
Informatics (year: 3),2,42194
Informatics (year: 3),2,42195
Informatics (year: 3),2,42196
Informatics (year: 3),2,42197
Informatics (year: 3),2,42198
Informatics (year: 3),2,42199
Informatics (year: 3),2,42200
Informatics (year: 3),3,42201
Informatics (year: 3),3,42202
Informatics (year: 3),3,42203
Informatics (year: 3),3,42204
Informatics (year: 3),3,42205
Informatics (year: 3),3,42206
Informatics (year: 3),3,42207
Informatics (year: 3),3,42208
Informatics (year: 3),3,42209
Informatics (year: 3),3,42210
Informatics (year: 3),3,42211
Informatics (year: 3),3,42212
Informatics (year: 3),3,42213
Informatics (year: 3),3,42214
Informatics (year: 3),3,42215
Informatics (year: 3),3,42216
Informatics (year: 3),3,42217
Informatics (year: 3),3,42218
Informatics (year: 3),3,42219
Informatics (year: 3),3,42220
Applied Mathematics (year: 2),1,42221
Applied Mathematics (year: 2),1,42222
Applied Mathematics (year: 2),1,42223
Applied Mathematics (year: 2),1,42224
Applied Mathematics (year: 2),1,42225
Applied Mathematics (year: 2),1,42226
Applied Mathematics (year: 2),1,42227
Applied Mathematics (year: 2),1,42228
Applied Mathematics (year: 2),1,42229
Applied Mathematics (year: 2),1,42230
Applied Mathematics (year: 2),1,42231
Applied Mathematics (year: 2),1,42232
Applied Mathematics (year: 2),1,42233
Applied Mathematics (year: 2),1,42234
Applied Mathematics (year: 2),1,42235
Applied Mathematics (year: 2),1,42236
Applied Mathematics (year: 2),1,42237
Applied Mathematics (year: 2),1,42238
Applied Mathematics (year: 2),1,42239
Applied Mathematics (year: 2),1,42240
Applied Mathematics (year: 2),2,42241
Applied Mathematics (year: 2),2,42242
Applied Mathematics (year: 2),2,42243
Applied Mathematics (year: 2),2,42244
Applied Mathematics (year: 2),2,42245
Applied Mathematics (year: 2),2,42246
Applied Mathematics (year: 2),2,42247
Applied Mathematics (year: 2),2,42248
Applied Mathematics (year: 2),2,42249
Applied Mathematics (year: 2),2,42250
Applied Mathematics (year: 2),2,42251
Applied Mathematics (year: 2),2,42252
Applied Mathematics (year: 2),2,42253
Applied Mathematics (year: 2),2,42254
Applied Mathematics (year: 2),2,42255
Applied Mathematics (year: 2),2,42256
Applied Mathematics (year: 2),2,42257
Applied Mathematics (year: 2),2,42258
Applied Mathematics (year: 2),2,42259
Applied Mathematics (year: 2),2,42260
Applied Mathematics (year: 4),1,42261
Applied Mathematics (year: 4),1,42262
Applied Mathematics (year: 4),1,42263
Applied Mathematics (year: 4),1,42264
Applied Mathematics (year: 4),1,42265
Applied Mathematics (year: 4),1,42266
Applied Mathematics (year: 4),1,42267
Applied Mathematics (year: 4),1,42268
Applied Mathematics (year: 4),1,42269
Applied Mathematics (year: 4),1,42270
Applied Mathematics (year: 4),1,42271
Applied Mathematics (year: 4),1,42272
Applied Mathematics (year: 4),1,42273
Applied Mathematics (year: 4),1,42274
Applied Mathematics (year: 4),1,42275
Applied Mathematics (year: 4),1,42276
Applied Mathematics (year: 4),1,42277
Applied Mathematics (year: 4),1,42278
Applied Mathematics (year: 4),1,42279
Applied Mathematics (year: 4),1,42280
Applied Mathematics (year: 4),2,42281
Applied Mathematics (year: 4),2,42282
Applied Mathematics (year: 4),2,42283
Applied Mathematics (year: 4),2,42284
Applied Mathematics (year: 4),2,42285
Applied Mathematics (year: 4),2,42286
Applied Mathematics (year: 4),2,42287
Applied Mathematics (year: 4),2,42288
Applied Mathematics (year: 4),2,42289
Applied Mathematics (year: 4),2,42290
Applied Mathematics (year: 4),2,42291
Applied Mathematics (year: 4),2,42292
Applied Mathematics (year: 4),2,42293
Applied Mathematics (year: 4),2,42294
Applied Mathematics (year: 4),2,42295
Applied Mathematics (year: 4),2,42296
Applied Mathematics (year: 4),2,42297
Applied Mathematics (year: 4),2,42298
Applied Mathematics (year: 4),2,42299
Applied Mathematics (year: 4),2,42300
Mathematics (year: 1),1,42301
Mathematics (year: 1),1,42302
Mathematics (year: 1),1,42303
Mathematics (year: 1),1,42304
Mathematics (year: 1),1,42305
Mathematics (year: 1),1,42306
Mathematics (year: 1),1,42307
Mathematics (year: 1),1,42308
Mathematics (year: 1),1,42309
Mathematics (year: 1),1,42310
Mathematics (year: 1),1,42311
Mathematics (year: 1),1,42312
Mathematics (year: 1),1,42313
Mathematics (year: 1),1,42314
Mathematics (year: 1),1,42315
Mathematics (year: 1),1,42316
Mathematics (year: 1),1,42317
Mathematics (year: 1),1,42318
Mathematics (year: 1),1,42319
Mathematics (year: 1),1,42320
